Workbook

Sheet README
A1: Outreach ROI model
A2: Medicare claims warehouse, project 1. Two candidate programs for an ACO, priced from the 2022 data with low / base / high assumptions.
A4: How to use it
A5: 1. Blue numbers are inputs. Change them on the Assumptions tab and everything else updates.
A6: 2. Black numbers are formulas. Green numbers pull from another tab.
A7: 3. "Inputs from data" holds counts from the SQL build (exports/roi_inputs.csv). Re-paste them if the build changes.
A8: 4. Summary has the six numbers that go in the memo and on the dashboard.
A10: Low = pessimistic, High = optimistic. Every assumption has its source or reasoning next to it.
A12: Big caveat
A13: The claims are synthetic, so the counts are realistic in shape but not real people. The point of the model is the method:
A14: who to target, what has to be true for it to pay off, and how sensitive the answer is to each assumption.
A15: Medical savings from adherence come from an observational study (Roebuck et al. 2011). That is why the base case only counts half of them.

Sheet Summary
A1: Summary: net savings per year
A3: Program | B3: Low | C3: Base | D3: High
A4: A. Adherence outreach, net savings | B4: ='Adherence outreach'!L9 -> -15841.7 | C4: ='Adherence outreach'!L17 -> 53449.8 | D4: ='Adherence outreach'!L25 -> 261049.2
A5: A. Return per $1 spent | B5: ='Adherence outreach'!M9 -> 0.41327037 | C5: ='Adherence outreach'!M17 -> 4.9592444 | D5: ='Adherence outreach'!M25 -> 39.673956
A6: A. People targeted | B6: ='Adherence outreach'!E9 -> 270 | C6: ='Adherence outreach'!E17 -> 270 | D6: ='Adherence outreach'!E25 -> 270
A7: B. Care management, net savings | B7: ='Care management'!B14 -> -541080 | C7: ='Care management'!C14 -> -223696 | D7: ='Care management'!D14 -> 314576.48
A8: B. Return per $1 spent | B8: ='Care management'!B15 -> 0 | C8: ='Care management'!C15 -> 0.31936128 | D8: ='Care management'!D15 -> 3.6162382
A9: B. Break-even reduction in admissions | B9: ='Care management'!B16 -> 1.5628936 | C9: ='Care management'!C16 -> 0.2505 | D9: ='Care management'!D16 -> 0.047010178
A10: B. People targeted | B10: ='Care management'!B5 -> 167 | C10: ='Care management'!C5 -> 167 | D10: ='Care management'!D5 -> 167
A12: Base case: outreach pays for itself several times over; care management loses money unless it beats the best program in the Medicare demo.

Sheet Inputs from data
A1: Counts from the 2022 data (exports/roi_inputs.csv)
A3: Input | B3: Value | C3: Where it comes from
A4: Statins: 2022 denominator | B4: 892 | C4: mart.pdc_result, 08_pdc_adherence.sql
A5: Statins: near misses (PDC 60-79%) | B5: 60 | C5: mart.adherence_outreach_list, 09_outreach_targets.sql
A6: Statins: 2022 adherent | B6: 728 | C6: mart.pdc_result
A7: RAS antagonists: 2022 denominator | B7: 516 | C7: mart.pdc_result
A8: RAS antagonists: near misses (PDC 60-79%) | B8: 187 | C8: mart.adherence_outreach_list
A9: RAS antagonists: 2022 adherent | B9: 106 | C9: mart.pdc_result
A10: Diabetes: 2022 denominator | B10: 56 | C10: mart.pdc_result
A11: Diabetes: near misses (PDC 60-79%) | B11: 23 | C11: mart.adherence_outreach_list
A12: Diabetes: 2022 adherent | B12: 8 | C12: mart.pdc_result
A13: Care mgmt: 2021 top 5% non-ESRD members | B13: 167 | C13: mart.care_mgmt_followup
A14: Care mgmt: their overnight admits in 2022 | B14: 82 | C14: mart.care_mgmt_followup (no program, what actually happened)
A15: Care mgmt: their avg paid in 2021 | B15: 191249 | C15: mart.care_mgmt_followup
... A18: Overnight stay paid, 2022 median | B18: 4222 | C18: mart.inpatient_stay

Sheet Assumptions
A1: Assumptions (blue cells are the levers)
A3: Assumption | B3: Low | C3: Base | D3: High | E3: Source or reasoning
A4: A. Pharmacy adherence outreach
A5: Share of targeted near misses who end the year at PDC 80%+ | B5: 0.05 | C5: 0.15 | D5: 0.3 | E5: My assumption. Reality check: Prime Therapeutics reported a missed-refill call and letter program raised adherence 1.4 to 1.9 points among about 83,000 Medicare members with a refill gap (BioSpace, May 2018). Targeting only near misses should convert a higher share of the people actually contacted.
A6: Outreach cost per targeted member ($) | B6: 100 | C6: 50 | D6: 25 | E6: My assumption: two or three pharmacy tech or pharmacist calls plus a refill sync. Low case assumes pharmacist time, high case assumes a tech-led script.
A7: Share of published medical savings that actually shows up | B7: 0.25 | C7: 0.5 | D7: 1 | E7: Roebuck et al. is observational, so adherent people may just be healthier. Base case counts half.
A8: Net savings per newly adherent member, cholesterol ($/yr) | B8: 1258 | C8: 1258 | D8: 1258 | E8: Roebuck, Liberman, Gemmill-Toyama, Brennan. Health Affairs 2011;30(1):91-99. Net of added drug cost. Dyslipidemia.
A9: Net savings per newly adherent member, hypertension ($/yr) | B9: 3908 | C9: 3908 | D9: 3908 | E9: Same study, hypertension. Used for RAS antagonists.
A10: Net savings per newly adherent member, diabetes ($/yr) | B10: 3756 | C10: 3756 | D10: 3756 | E10: Same study, diabetes. 2005-2008 employer data, not inflated, so if anything conservative in dollar terms.
A11: B. Care management for high-cost members (non-ESRD)
A12: Care management fee per member per month ($) | B12: 270 | C12: 164 | D12: 60 | E12: Peikes et al. JAMA 2009;301(6):603-618, Medicare Coordinated Care Demonstration. Paid fees ranged $60 to $270 PMPM, average $164.
A13: Months in program | B13: 12 | C13: 12 | D13: 12 | E13: One year.
A14: Reduction in overnight admissions | B14: 0 | C14: 0.08 | D14: 0.17 | E14: Peikes 2009: 13 of 15 programs had no significant effect on admissions; the best (Mercy) cut them 17%. Base is a middle guess, not a finding.
A15: Medicare paid per avoided admission ($) | B15: 4222 | C15: 16000 | D15: 31192 | E15: Low and high are the 2022 median and mean overnight stay in this data (very skewed). Base is MedPAC July 2026 Data Book: IPPS payment per stay $16,000 in FY2024.

Sheet Adherence outreach
A1: Program A: pharmacy outreach to adherence near misses (PDC 60-79% in 2022)
A2: One block per scenario. Rows are the three Part D adherence measures.
A4: Low case
A5: Measure | B5: Denominator | C5: Adherent now | D5: Rate now | E5: Near misses targeted | F5: Newly adherent | G5: Rate after | H5: Change (pts) | I5: Savings per newly adherent | J5: Gross savings | K5: Outreach cost | L5: Net savings | M5: Return per $1
A6: Statins | B6: ='Inputs from data'!$B$4 -> 892 | C6: ='Inputs from data'!$B$6 -> 728 | D6: =IFERROR(C6/B6,0) -> 0.8161435 | E6: ='Inputs from data'!$B$5 -> 60 | F6: =E6*Assumptions!$B$5 -> 3 | G6: =IFERROR((C6+F6)/B6,0) -> 0.81950673 | H6: =(G6-D6)*100 -> 0.33632287 | I6: =Assumptions!$B$8*Assumptions!$B$7 -> 314.5 | J6: =F6*I6 -> 943.5 | K6: =E6*Assumptions!$B$6 -> 6000 | L6: =J6-K6 -> -5056.5 | M6: =IFERROR(J6/K6,0) -> 0.15725
A7: RAS antagonists | B7: ='Inputs from data'!$B$7 -> 516 | C7: ='Inputs from data'!$B$9 -> 106 | D7: =IFERROR(C7/B7,0) -> 0.20542636 | E7: ='Inputs from data'!$B$8 -> 187 | F7: =E7*Assumptions!$B$5 -> 9.35 | G7: =IFERROR((C7+F7)/B7,0) -> 0.22354651 | H7: =(G7-D7)*100 -> 1.8120155 | I7: =Assumptions!$B$9*Assumptions!$B$7 -> 977 | J7: =F7*I7 -> 9134.95 | K7: =E7*Assumptions!$B$6 -> 18700 | L7: =J7-K7 -> -9565.05 | M7: =IFERROR(J7/K7,0) -> 0.4885
A8: Diabetes | B8: ='Inputs from data'!$B$10 -> 56 | C8: ='Inputs from data'!$B$12 -> 8 | D8: =IFERROR(C8/B8,0) -> 0.14285714 | E8: ='Inputs from data'!$B$11 -> 23 | F8: =E8*Assumptions!$B$5 -> 1.15 | G8: =IFERROR((C8+F8)/B8,0) -> 0.16339286 | H8: =(G8-D8)*100 -> 2.0535714 | I8: =Assumptions!$B$10*Assumptions!$B$7 -> 939 | J8: =F8*I8 -> 1079.85 | K8: =E8*Assumptions!$B$6 -> 2300 | L8: =J8-K8 -> -1220.15 | M8: =IFERROR(J8/K8,0) -> 0.4695
A9: Total | E9: =SUM(E6:E8) -> 270 | F9: =SUM(F6:F8) -> 13.5 | J9: =SUM(J6:J8) -> 11158.3 | K9: =SUM(K6:K8) -> 27000 | L9: =SUM(L6:L8) -> -15841.7 | M9: =IFERROR(J9/K9,0) -> 0.41327037
A12: Base case
A13: Measure | B13: Denominator | C13: Adherent now | D13: Rate now | E13: Near misses targeted | F13: Newly adherent | G13: Rate after | H13: Change (pts) | I13: Savings per newly adherent | J13: Gross savings | K13: Outreach cost | L13: Net savings | M13: Return per $1
A14: Statins | B14: ='Inputs from data'!$B$4 -> 892 | C14: ='Inputs from data'!$B$6 -> 728 | D14: =IFERROR(C14/B14,0) -> 0.8161435 | E14: ='Inputs from data'!$B$5 -> 60 | F14: =E14*Assumptions!$C$5 -> 9 | G14: =IFERROR((C14+F14)/B14,0) -> 0.82623318 | H14: =(G14-D14)*100 -> 1.0089686 | I14: =Assumptions!$C$8*Assumptions!$C$7 -> 629 | J14: =F14*I14 -> 5661 | K14: =E14*Assumptions!$C$6 -> 3000 | L14: =J14-K14 -> 2661 | M14: =IFERROR(J14/K14,0) -> 1.887
A15: RAS antagonists | B15: ='Inputs from data'!$B$7 -> 516 | C15: ='Inputs from data'!$B$9 -> 106 | D15: =IFERROR(C15/B15,0) -> 0.20542636 | E15: ='Inputs from data'!$B$8 -> 187 | F15: =E15*Assumptions!$C$5 -> 28.05 | G15: =IFERROR((C15+F15)/B15,0) -> 0.25978682 | H15: =(G15-D15)*100 -> 5.4360465 | I15: =Assumptions!$C$9*Assumptions!$C$7 -> 1954 | J15: =F15*I15 -> 54809.7 | K15: =E15*Assumptions!$C$6 -> 9350 | L15: =J15-K15 -> 45459.7 | M15: =IFERROR(J15/K15,0) -> 5.862
A16: Diabetes | B16: ='Inputs from data'!$B$10 -> 56 | C16: ='Inputs from data'!$B$12 -> 8 | D16: =IFERROR(C16/B16,0) -> 0.14285714 | E16: ='Inputs from data'!$B$11 -> 23 | F16: =E16*Assumptions!$C$5 -> 3.45 | G16: =IFERROR((C16+F16)/B16,0) -> 0.20446429 | H16: =(G16-D16)*100 -> 6.1607143 | I16: =Assumptions!$C$10*Assumptions!$C$7 -> 1878 | J16: =F16*I16 -> 6479.1 | K16: =E16*Assumptions!$C$6 -> 1150 | L16: =J16-K16 -> 5329.1 | M16: =IFERROR(J16/K16,0) -> 5.634
A17: Total | E17: =SUM(E14:E16) -> 270 | F17: =SUM(F14:F16) -> 40.5 | J17: =SUM(J14:J16) -> 66949.8 | K17: =SUM(K14:K16) -> 13500 | L17: =SUM(L14:L16) -> 53449.8 | M17: =IFERROR(J17/K17,0) -> 4.9592444
A20: High case
A21: Measure | B21: Denominator | C21: Adherent now | D21: Rate now | E21: Near misses targeted | F21: Newly adherent | G21: Rate after | H21: Change (pts) | I21: Savings per newly adherent | J21: Gross savings | K21: Outreach cost | L21: Net savings | M21: Return per $1
A22: Statins | B22: ='Inputs from data'!$B$4 -> 892 | C22: ='Inputs from data'!$B$6 -> 728 | D22: =IFERROR(C22/B22,0) -> 0.8161435 | E22: ='Inputs from data'!$B$5 -> 60 | F22: =E22*Assumptions!$D$5 -> 18 | G22: =IFERROR((C22+F22)/B22,0) -> 0.83632287 | H22: =(G22-D22)*100 -> 2.0179372 | I22: =Assumptions!$D$8*Assumptions!$D$7 -> 1258 | J22: =F22*I22 -> 22644 | K22: =E22*Assumptions!$D$6 -> 1500 | L22: =J22-K22 -> 21144 | M22: =IFERROR(J22/K22,0) -> 15.096
A23: RAS antagonists | B23: ='Inputs from data'!$B$7 -> 516 | C23: ='Inputs from data'!$B$9 -> 106 | D23: =IFERROR(C23/B23,0) -> 0.20542636 | E23: ='Inputs from data'!$B$8 -> 187 | F23: =E23*Assumptions!$D$5 -> 56.1 | G23: =IFERROR((C23+F23)/B23,0) -> 0.31414729 | H23: =(G23-D23)*100 -> 10.872093 | I23: =Assumptions!$D$9*Assumptions!$D$7 -> 3908 | J23: =F23*I23 -> 219238.8 | K23: =E23*Assumptions!$D$6 -> 4675 | L23: =J23-K23 -> 214563.8 | M23: =IFERROR(J23/K23,0) -> 46.896
A24: Diabetes | B24: ='Inputs from data'!$B$10 -> 56 | C24: ='Inputs from data'!$B$12 -> 8 | D24: =IFERROR(C24/B24,0) -> 0.14285714 | E24: ='Inputs from data'!$B$11 -> 23 | F24: =E24*Assumptions!$D$5 -> 6.9 | G24: =IFERROR((C24+F24)/B24,0) -> 0.26607143 | H24: =(G24-D24)*100 -> 12.321429 | I24: =Assumptions!$D$10*Assumptions!$D$7 -> 3756 | J24: =F24*I24 -> 25916.4 | K24: =E24*Assumptions!$D$6 -> 575 | L24: =J24-K24 -> 25341.4 | M24: =IFERROR(J24/K24,0) -> 45.072
A25: Total | E25: =SUM(E22:E24) -> 270 | F25: =SUM(F22:F24) -> 81 | J25: =SUM(J22:J24) -> 267799.2 | K25: =SUM(K22:K24) -> 6750 | L25: =SUM(L22:L24) -> 261049.2 | M25: =IFERROR(J25/K25,0) -> 39.673956
A28: Sensitivity: total net savings at the base outreach cost
A29: Rows = share of near misses converted. Columns = share of published savings that shows up.
A30: Converted \ Realized | B30: 0 | C30: 0.25 | D30: 0.5 | E30: 0.75 | F30: 1
A31: 0.05 | B31: =('Inputs from data'!$B$5*$A31*B$30*Assumptions!$C$8+'Inputs from data'!$B$8*$A31*B$30*Assumptions!$C$9+'Inputs from data'!$B$11*$A31*B$30*Assumptions!$C$10)-('Inputs from data'!$B$5+'Inputs from data'!$B$8+'Inputs from data'!$B$11)*Assumptions!$C$6 -> -13500 | C31: =('Inputs from data'!$B$5*$A31*C$30*Assumptions!$C$8+'Inputs from data'!$B$8*$A31*C$30*Assumptions!$C$9+'Inputs from data'!$B$11*$A31*C$30*Assumptions!$C$10)-('Inputs from data'!$B$5+'Inputs from data'!$B$8+'Inputs from data'!$B$11)*Assumptions!$C$6 -> -2341.7 | D31: =('Inputs from data'!$B$5*$A31*D$30*Assumptions!$C$8+'Inputs from data'!$B$8*$A31*D$30*Assumptions!$C$9+'Inputs from data'!$B$11*$A31*D$30*Assumptions!$C$10)-('Inputs from data'!$B$5+'Inputs from data'!$B$8+'Inputs from data'!$B$11)*Assumptions!$C$6 -> 8816.6 | E31: =('Inputs from data'!$B$5*$A31*E$30*Assumptions!$C$8+'Inputs from data'!$B$8*$A31*E$30*Assumptions!$C$9+'Inputs from data'!$B$11*$A31*E$30*Assumptions!$C$10)-('Inputs from data'!$B$5+'Inputs from data'!$B$8+'Inputs from data'!$B$11)*Assumptions!$C$6 -> 19974.9 | F31: =('Inputs from data'!$B$5*$A31*F$30*Assumptions!$C$8+'Inputs from data'!$B$8*$A31*F$30*Assumptions!$C$9+'Inputs from data'!$B$11*$A31*F$30*Assumptions!$C$10)-('Inputs from data'!$B$5+'Inputs from data'!$B$8+'Inputs from data'!$B$11)*Assumptions!$C$6 -> 31133.2
A32: 0.1 | B32: =('Inputs from data'!$B$5*$A32*B$30*Assumptions!$C$8+'Inputs from data'!$B$8*$A32*B$30*Assumptions!$C$9+'Inputs from data'!$B$11*$A32*B$30*Assumptions!$C$10)-('Inputs from data'!$B$5+'Inputs from data'!$B$8+'Inputs from data'!$B$11)*Assumptions!$C$6 -> -13500 | C32: =('Inputs from data'!$B$5*$A32*C$30*Assumptions!$C$8+'Inputs from data'!$B$8*$A32*C$30*Assumptions!$C$9+'Inputs from data'!$B$11*$A32*C$30*Assumptions!$C$10)-('Inputs from data'!$B$5+'Inputs from data'!$B$8+'Inputs from data'!$B$11)*Assumptions!$C$6 -> 8816.6 | D32: =('Inputs from data'!$B$5*$A32*D$30*Assumptions!$C$8+'Inputs from data'!$B$8*$A32*D$30*Assumptions!$C$9+'Inputs from data'!$B$11*$A32*D$30*Assumptions!$C$10)-('Inputs from data'!$B$5+'Inputs from data'!$B$8+'Inputs from data'!$B$11)*Assumptions!$C$6 -> 31133.2 | E32: =('Inputs from data'!$B$5*$A32*E$30*Assumptions!$C$8+'Inputs from data'!$B$8*$A32*E$30*Assumptions!$C$9+'Inputs from data'!$B$11*$A32*E$30*Assumptions!$C$10)-('Inputs from data'!$B$5+'Inputs from data'!$B$8+'Inputs from data'!$B$11)*Assumptions!$C$6 -> 53449.8 | F32: =('Inputs from data'!$B$5*$A32*F$30*Assumptions!$C$8+'Inputs from data'!$B$8*$A32*F$30*Assumptions!$C$9+'Inputs from data'!$B$11*$A32*F$30*Assumptions!$C$10)-('Inputs from data'!$B$5+'Inputs from data'!$B$8+'Inputs from data'!$B$11)*Assumptions!$C$6 -> 75766.4
A33: 0.15 | B33: =('Inputs from data'!$B$5*$A33*B$30*Assumptions!$C$8+'Inputs from data'!$B$8*$A33*B$30*Assumptions!$C$9+'Inputs from data'!$B$11*$A33*B$30*Assumptions!$C$10)-('Inputs from data'!$B$5+'Inputs from data'!$B$8+'Inputs from data'!$B$11)*Assumptions!$C$6 -> -13500 | C33: =('Inputs from data'!$B$5*$A33*C$30*Assumptions!$C$8+'Inputs from data'!$B$8*$A33*C$30*Assumptions!$C$9+'Inputs from data'!$B$11*$A33*C$30*Assumptions!$C$10)-('Inputs from data'!$B$5+'Inputs from data'!$B$8+'Inputs from data'!$B$11)*Assumptions!$C$6 -> 19974.9 | D33: =('Inputs from data'!$B$5*$A33*D$30*Assumptions!$C$8+'Inputs from data'!$B$8*$A33*D$30*Assumptions!$C$9+'Inputs from data'!$B$11*$A33*D$30*Assumptions!$C$10)-('Inputs from data'!$B$5+'Inputs from data'!$B$8+'Inputs from data'!$B$11)*Assumptions!$C$6 -> 53449.8 | E33: =('Inputs from data'!$B$5*$A33*E$30*Assumptions!$C$8+'Inputs from data'!$B$8*$A33*E$30*Assumptions!$C$9+'Inputs from data'!$B$11*$A33*E$30*Assumptions!$C$10)-('Inputs from data'!$B$5+'Inputs from data'!$B$8+'Inputs from data'!$B$11)*Assumptions!$C$6 -> 86924.7 | F33: =('Inputs from data'!$B$5*$A33*F$30*Assumptions!$C$8+'Inputs from data'!$B$8*$A33*F$30*Assumptions!$C$9+'Inputs from data'!$B$11*$A33*F$30*Assumptions!$C$10)-('Inputs from data'!$B$5+'Inputs from data'!$B$8+'Inputs from data'!$B$11)*Assumptions!$C$6 -> 120399.6
A34: 0.2 | B34: =('Inputs from data'!$B$5*$A34*B$30*Assumptions!$C$8+'Inputs from data'!$B$8*$A34*B$30*Assumptions!$C$9+'Inputs from data'!$B$11*$A34*B$30*Assumptions!$C$10)-('Inputs from data'!$B$5+'Inputs from data'!$B$8+'Inputs from data'!$B$11)*Assumptions!$C$6 -> -13500 | C34: =('Inputs from data'!$B$5*$A34*C$30*Assumptions!$C$8+'Inputs from data'!$B$8*$A34*C$30*Assumptions!$C$9+'Inputs from data'!$B$11*$A34*C$30*Assumptions!$C$10)-('Inputs from data'!$B$5+'Inputs from data'!$B$8+'Inputs from data'!$B$11)*Assumptions!$C$6 -> 31133.2 | D34: =('Inputs from data'!$B$5*$A34*D$30*Assumptions!$C$8+'Inputs from data'!$B$8*$A34*D$30*Assumptions!$C$9+'Inputs from data'!$B$11*$A34*D$30*Assumptions!$C$10)-('Inputs from data'!$B$5+'Inputs from data'!$B$8+'Inputs from data'!$B$11)*Assumptions!$C$6 -> 75766.4 | E34: =('Inputs from data'!$B$5*$A34*E$30*Assumptions!$C$8+'Inputs from data'!$B$8*$A34*E$30*Assumptions!$C$9+'Inputs from data'!$B$11*$A34*E$30*Assumptions!$C$10)-('Inputs from data'!$B$5+'Inputs from data'!$B$8+'Inputs from data'!$B$11)*Assumptions!$C$6 -> 120399.6 | F34: =('Inputs from data'!$B$5*$A34*F$30*Assumptions!$C$8+'Inputs from data'!$B$8*$A34*F$30*Assumptions!$C$9+'Inputs from data'!$B$11*$A34*F$30*Assumptions!$C$10)-('Inputs from data'!$B$5+'Inputs from data'!$B$8+'Inputs from data'!$B$11)*Assumptions!$C$6 -> 165032.8
A35: 0.3 | B35: =('Inputs from data'!$B$5*$A35*B$30*Assumptions!$C$8+'Inputs from data'!$B$8*$A35*B$30*Assumptions!$C$9+'Inputs from data'!$B$11*$A35*B$30*Assumptions!$C$10)-('Inputs from data'!$B$5+'Inputs from data'!$B$8+'Inputs from data'!$B$11)*Assumptions!$C$6 -> -13500 | C35: =('Inputs from data'!$B$5*$A35*C$30*Assumptions!$C$8+'Inputs from data'!$B$8*$A35*C$30*Assumptions!$C$9+'Inputs from data'!$B$11*$A35*C$30*Assumptions!$C$10)-('Inputs from data'!$B$5+'Inputs from data'!$B$8+'Inputs from data'!$B$11)*Assumptions!$C$6 -> 53449.8 | D35: =('Inputs from data'!$B$5*$A35*D$30*Assumptions!$C$8+'Inputs from data'!$B$8*$A35*D$30*Assumptions!$C$9+'Inputs from data'!$B$11*$A35*D$30*Assumptions!$C$10)-('Inputs from data'!$B$5+'Inputs from data'!$B$8+'Inputs from data'!$B$11)*Assumptions!$C$6 -> 120399.6 | E35: =('Inputs from data'!$B$5*$A35*E$30*Assumptions!$C$8+'Inputs from data'!$B$8*$A35*E$30*Assumptions!$C$9+'Inputs from data'!$B$11*$A35*E$30*Assumptions!$C$10)-('Inputs from data'!$B$5+'Inputs from data'!$B$8+'Inputs from data'!$B$11)*Assumptions!$C$6 -> 187349.4 | F35: =('Inputs from data'!$B$5*$A35*F$30*Assumptions!$C$8+'Inputs from data'!$B$8*$A35*F$30*Assumptions!$C$9+'Inputs from data'!$B$11*$A35*F$30*Assumptions!$C$10)-('Inputs from data'!$B$5+'Inputs from data'!$B$8+'Inputs from data'!$B$11)*Assumptions!$C$6 -> 254299.2

Sheet Care management
A1: Program B: care management for last year's high-cost members (non-ESRD)
A2: Target = the 2021 top 5% by medical spend, minus ESRD. Their 2022 admissions are what happened with no program.
A4: Line | B4: Low | C4: Base | D4: High | E4: How it is calculated
A5: Members enrolled | B5: ='Inputs from data'!$B$13 -> 167 | C5: ='Inputs from data'!$B$13 -> 167 | D5: ='Inputs from data'!$B$13 -> 167 | E5: From data
A6: Overnight admissions next year with no program | B6: ='Inputs from data'!$B$14 -> 82 | C6: ='Inputs from data'!$B$14 -> 82 | D6: ='Inputs from data'!$B$14 -> 82 | E6: From data (2022)
A7: Fee per member per month | B7: =Assumptions!$B$12 -> 270 | C7: =Assumptions!$C$12 -> 164 | D7: =Assumptions!$D$12 -> 60 | E7: Assumptions
A8: Months | B8: =Assumptions!$B$13 -> 12 | C8: =Assumptions!$C$13 -> 12 | D8: =Assumptions!$D$13 -> 12 | E8: Assumptions
A9: Program cost | B9: =B5*B7*B8 -> 541080 | C9: =C5*C7*C8 -> 328656 | D9: =D5*D7*D8 -> 120240 | E9: members x fee x months
A10: Reduction in admissions | B10: =Assumptions!$B$14 -> 0 | C10: =Assumptions!$C$14 -> 0.08 | D10: =Assumptions!$D$14 -> 0.17 | E10: Assumptions
A11: Admissions avoided | B11: =B6*B10 -> 0 | C11: =C6*C10 -> 6.56 | D11: =D6*D10 -> 13.94 | E11: admissions x reduction
A12: Paid per avoided admission | B12: =Assumptions!$B$15 -> 4222 | C12: =Assumptions!$C$15 -> 16000 | D12: =Assumptions!$D$15 -> 31192 | E12: Assumptions
A13: Savings from avoided admissions | B13: =B11*B12 -> 0 | C13: =C11*C12 -> 104960 | D13: =D11*D12 -> 434816.48 | E13: avoided x paid per admission
A14: Net savings | B14: =B13-B9 -> -541080 | C14: =C13-C9 -> -223696 | D14: =D13-D9 -> 314576.48 | E14: savings - program cost
A15: Return per $1 | B15: =IFERROR(B13/B9,0) -> 0 | C15: =IFERROR(C13/C9,0) -> 0.31936128 | D15: =IFERROR(D13/D9,0) -> 3.6162382 | E15: savings / cost
A16: Break-even reduction in admissions | B16: =IFERROR(B9/(B6*B12),0) -> 1.5628936 | C16: =IFERROR(C9/(C6*C12),0) -> 0.2505 | D16: =IFERROR(D9/(D6*D12),0) -> 0.047010178 | E16: cost / (admissions x paid per admission)
A19: Spend for this group fell on its own between 2021 and 2022 (regression to the mean):
A20: Average paid, 2021 | B20: ='Inputs from data'!$B$15 -> 191249
A21: Average paid, 2022 | B21: ='Inputs from data'!$B$16 -> 116535
A22: Change with no program | B22: =IFERROR(B21/B20-1,0) -> -0.39066348
A23: A before/after comparison would credit this drop to the program. Use a comparison group.
A26: Sensitivity: net savings at base paid per admission ($16,000)
A27: Rows = reduction in admissions. Columns = fee per member per month.
A28: Reduction \ Fee | B28: 60 | C28: 100 | D28: 164 | E28: 220 | F28: 270
A29: 0 | B29: =$C$6*$A29*$C$12-$C$5*B$28*$C$8 -> -120240 | C29: =$C$6*$A29*$C$12-$C$5*C$28*$C$8 -> -200400 | D29: =$C$6*$A29*$C$12-$C$5*D$28*$C$8 -> -328656 | E29: =$C$6*$A29*$C$12-$C$5*E$28*$C$8 -> -440880 | F29: =$C$6*$A29*$C$12-$C$5*F$28*$C$8 -> -541080
A30: 0.05 | B30: =$C$6*$A30*$C$12-$C$5*B$28*$C$8 -> -54640 | C30: =$C$6*$A30*$C$12-$C$5*C$28*$C$8 -> -134800 | D30: =$C$6*$A30*$C$12-$C$5*D$28*$C$8 -> -263056 | E30: =$C$6*$A30*$C$12-$C$5*E$28*$C$8 -> -375280 | F30: =$C$6*$A30*$C$12-$C$5*F$28*$C$8 -> -475480
A31: 0.1 | B31: =$C$6*$A31*$C$12-$C$5*B$28*$C$8 -> 10960 | C31: =$C$6*$A31*$C$12-$C$5*C$28*$C$8 -> -69200 | D31: =$C$6*$A31*$C$12-$C$5*D$28*$C$8 -> -197456 | E31: =$C$6*$A31*$C$12-$C$5*E$28*$C$8 -> -309680 | F31: =$C$6*$A31*$C$12-$C$5*F$28*$C$8 -> -409880
A32: 0.17 | B32: =$C$6*$A32*$C$12-$C$5*B$28*$C$8 -> 102800 | C32: =$C$6*$A32*$C$12-$C$5*C$28*$C$8 -> 22640 | D32: =$C$6*$A32*$C$12-$C$5*D$28*$C$8 -> -105616 | E32: =$C$6*$A32*$C$12-$C$5*E$28*$C$8 -> -217840 | F32: =$C$6*$A32*$C$12-$C$5*F$28*$C$8 -> -318040
A33: 0.25 | B33: =$C$6*$A33*$C$12-$C$5*B$28*$C$8 -> 207760 | C33: =$C$6*$A33*$C$12-$C$5*C$28*$C$8 -> 127600 | D33: =$C$6*$A33*$C$12-$C$5*D$28*$C$8 -> -656 | E33: =$C$6*$A33*$C$12-$C$5*E$28*$C$8 -> -112880 | F33: =$C$6*$A33*$C$12-$C$5*F$28*$C$8 -> -213080
A34: 0.3 | B34: =$C$6*$A34*$C$12-$C$5*B$28*$C$8 -> 273360 | C34: =$C$6*$A34*$C$12-$C$5*C$28*$C$8 -> 193200 | D34: =$C$6*$A34*$C$12-$C$5*D$28*$C$8 -> 64944 | E34: =$C$6*$A34*$C$12-$C$5*E$28*$C$8 -> -47280 | F34: =$C$6*$A34*$C$12-$C$5*F$28*$C$8 -> -147480
